Timestamp,AbsoluteLoad,AirFlowRate,AmbientTemp,BarometricPressure,CoolantTemp,EngineLoad,EngineOilTemp,FuelLevel,IntakeTemp,RPM,Speed,ThrottlePos
1676839193,12.549019607843137,2.09,17.0,79.0,73.0,18.431372549019606,67.0,66.27450980392157,17.0,739.75,0.0,15.294117647058824
1676839194,12.549019607843137,2.1,17.0,79.0,73.0,18.431372549019606,67.0,66.27450980392157,17.0,735.0,0.0,15.294117647058824
1676839195,12.549019607843137,2.09,17.0,79.0,73.0,18.431372549019606,67.0,66.27450980392157,17.0,740.5,0.0,15.294117647058824
1676839197,12.549019607843137,2.12,17.0,79.0,73.0,18.431372549019606,67.0,66.27450980392157,17.0,735.75,0.0,15.294117647058824
1676839198,12.549019607843137,2.07,17.0,79.0,73.0,18.431372549019606,67.0,66.27450980392157,17.0,739.75,0.0,15.294117647058824
1676839199,12.549019607843137,2.07,17.0,79.0,73.0,18.431372549019606,67.0,66.27450980392157,17.0,740.5,0.0,15.294117647058824
1676839200,12.549019607843137,2.07,17.0,79.0,73.0,18.431372549019606,67.0,66.27450980392157,17.0,735.0,0.0,15.294117647058824
1676839201,12.549019607843137,2.09,17.0,79.0,73.0,18.431372549019606,67.0,65.88235294117646,17.0,740.5,0.0,15.294117647058824
1676839203,12.549019607843137,2.09,17.0,79.0,73.0,18.431372549019606,67.0,66.27450980392157,17.0,739.0,0.0,15.294117647058824
1676839204,12.549019607843137,2.1,17.0,79.0,73.0,18.431372549019606,67.0,65.49019607843137,17.0,740.5,0.0,15.294117647058824
1676839205,12.549019607843137,2.09,17.0,79.0,73.0,18.431372549019606,67.0,66.27450980392157,17.0,736.5,0.0,15.294117647058824
1676841339,19.607843137254903,3.31,17.0,79.0,73.0,29.019607843137255,67.0,66.27450980392157,17.0,700.75,0.0,16.470588235294116
1676841340,21.176470588235293,5.98,17.0,79.0,73.0,29.41176470588235,67.0,65.88235294117646,17.0,696.75,0.0,18.431372549019606
1676841342,19.607843137254903,3.0,17.0,79.0,73.0,32.94117647058823,67.0,66.66666666666667,17.0,932.0,0.0,16.07843137254902
1676841343,19.215686274509803,3.17,17.0,79.0,73.0,29.019607843137255,67.0,66.27450980392157,17.0,939.0,4.0,16.470588235294116
1676841344,20.392156862745097,4.21,17.0,79.0,73.0,30.980392156862745,67.0,64.70588235294117,17.0,914.75,6.0,16.862745098039216
1676841345,37.254901960784316,12.25,17.0,79.0,73.0,50.98039215686274,67.0,63.529411764705884,17.0,1327.25,6.0,27.058823529411764
1676841346,31.764705882352942,16.04,17.0,79.0,73.0,52.549019607843135,67.0,58.8235294117647,17.0,2044.5,10.0,23.92156862745098
1676841348,32.15686274509804,13.31,17.0,79.0,73.0,46.666666666666664,67.0,63.92156862745098,17.0,1685.75,15.0,23.529411764705884
1676841349,29.80392156862745,12.290000000000001,17.0,79.0,73.0,45.09803921568628,67.0,62.35294117647059,17.0,1653.0,19.0,23.137254901960784
1676841350,29.019607843137255,10.76,17.0,79.0,74.0,42.745098039215684,67.0,64.31372549019608,17.0,1687.5,21.0,22.352941176470587
1676841351,44.31372549019608,14.790000000000001,16.0,79.0,74.0,51.372549019607845,67.0,60.78431372549019,16.0,1263.25,23.0,31.372549019607842
1676841352,58.03921568627451,27.810000000000002,16.0,79.0,74.0,89.01960784313725,67.0,63.13725490196079,16.0,1851.5,25.0,39.21568627450981
1676841354,45.09803921568627,19.45,16.0,79.0,74.0,71.37254901960785,67.0,60.78431372549019,16.0,1953.0,29.0,30.19607843137255
1676841355,37.64705882352941,13.43,16.0,79.0,75.0,56.07843137254902,67.0,63.92156862745098,16.0,1775.0,31.0,26.666666666666668
1676841356,31.764705882352942,12.17,16.0,79.0,75.0,47.05882352941177,67.0,68.23529411764706,16.0,1600.75,34.0,23.137254901960784
1676841357,20.784313725490197,4.51,16.0,79.0,75.0,37.254901960784316,67.0,68.23529411764706,16.0,1146.75,35.0,16.470588235294116
1676841358,58.8235294117647,28.35,15.0,79.0,76.0,87.45098039215686,67.0,69.01960784313725,15.0,1933.5,32.0,40.0
1676841360,28.627450980392158,8.39,15.0,79.0,76.0,43.92156862745098,68.0,66.66666666666667,15.0,1596.0,36.0,19.607843137254903
1676841361,23.52941176470588,13.98,15.0,79.0,76.0,25.88235294117647,68.0,68.23529411764706,15.0,1191.25,35.0,22.352941176470587
1676841362,37.254901960784316,10.5,15.0,79.0,76.0,55.294117647058826,68.0,68.62745098039215,15.0,1152.25,33.0,29.80392156862745
1676841363,41.568627450980394,11.76,15.0,79.0,77.0,58.8235294117647,68.0,68.62745098039215,15.0,1158.5,33.0,30.58823529411765
1676841364,55.68627450980392,16.95,15.0,79.0,77.0,81.17647058823529,68.0,64.70588235294117,15.0,1229.5,32.0,32.94117647058823
1676841366,57.254901960784316,18.1,15.0,79.0,77.0,84.70588235294117,68.0,67.84313725490196,15.0,1289.75,34.0,34.11764705882353
1676841367,34.509803921568626,11.0,15.0,79.0,77.0,50.588235294117645,68.0,63.92156862745098,15.0,1259.25,36.0,29.80392156862745
1676841368,52.15686274509804,16.73,15.0,79.0,77.0,77.25490196078431,68.0,66.66666666666667,15.0,1293.75,36.0,33.72549019607843
1676841369,52.549019607843135,17.31,15.0,79.0,78.0,77.6470588235294,68.0,62.35294117647059,15.0,1342.75,36.0,34.11764705882353
1676841370,12.549019607843137,2.85,15.0,79.0,78.0,21.96078431372549,68.0,69.80392156862744,15.0,1305.25,37.0,16.07843137254902
1676841372,26.274509803921568,2.62,15.0,79.0,78.0,45.490196078431374,68.0,61.96078431372549,15.0,1275.75,37.0,15.686274509803921
1676841373,10.196078431372548,2.7,15.0,79.0,78.0,15.686274509803921,68.0,67.45098039215686,15.0,1187.5,36.0,16.07843137254902
1676841374,9.411764705882353,2.57,15.0,79.0,78.0,13.72549019607843,68.0,70.19607843137256,15.0,1075.0,34.0,15.686274509803921
1676841375,10.588235294117647,2.85,15.0,79.0,78.0,16.07843137254902,68.0,64.31372549019608,15.0,1036.5,30.0,16.07843137254902
1676841377,9.019607843137255,2.37,15.0,79.0,78.0,13.72549019607843,68.0,69.01960784313725,15.0,1092.75,26.0,15.686274509803921
1676841378,10.588235294117647,2.7800000000000002,15.0,79.0,78.0,15.294117647058824,68.0,61.96078431372549,15.0,984.25,23.0,16.07843137254902
1676841379,15.686274509803921,3.43,15.0,79.0,78.0,21.568627450980394,68.0,61.568627450980394,15.0,807.75,18.0,16.470588235294116
1676841380,19.607843137254903,3.64,15.0,79.0,78.0,29.019607843137255,68.0,67.45098039215686,15.0,746.75,13.0,16.470588235294116
1676841381,32.94117647058823,9.89,15.0,79.0,78.0,50.98039215686274,68.0,61.1764705882353,15.0,1231.25,8.0,25.88235294117647
1676841383,30.980392156862745,10.14,15.0,79.0,78.0,45.88235294117647,68.0,62.745098039215684,15.0,1354.5,7.0,25.88235294117647
1676841384,27.058823529411764,9.48,15.0,79.0,78.0,40.3921568627451,68.0,63.13725490196079,15.0,1446.0,14.0,22.352941176470587
1676841385,31.372549019607842,13.67,15.0,79.0,78.0,39.21568627450981,68.0,68.62745098039215,15.0,1582.75,18.0,23.137254901960784
1676841386,27.45098039215686,14.0,15.0,79.0,78.0,31.372549019607842,68.0,60.78431372549019,15.0,1859.25,20.0,23.137254901960784
1676841387,27.058823529411764,8.39,15.0,79.0,78.0,40.3921568627451,68.0,67.84313725490196,15.0,1457.75,26.0,20.784313725490197
1676841389,11.372549019607844,3.48,15.0,79.0,79.0,19.215686274509803,68.0,56.470588235294116,15.0,1603.0,31.0,16.470588235294116
1676841390,9.411764705882353,3.48,15.0,79.0,79.0,14.117647058823529,68.0,58.03921568627451,15.0,1515.5,35.0,16.470588235294116
1676841391,9.019607843137255,2.95,15.0,79.0,79.0,13.72549019607843,68.0,68.62745098039215,15.0,1304.5,37.0,16.07843137254902
1676841392,9.019607843137255,2.98,15.0,79.0,79.0,13.333333333333334,68.0,60.0,15.0,1304.5,39.0,16.07843137254902
1676841393,9.019607843137255,2.9,15.0,79.0,79.0,13.72549019607843,68.0,64.70588235294117,15.0,1264.75,39.0,16.07843137254902
1676841395,9.411764705882353,2.75,15.0,79.0,79.0,13.72549019607843,68.0,67.05882352941177,15.0,1198.25,37.0,16.07843137254902
1676841396,9.411764705882353,2.5300000000000002,15.0,79.0,79.0,13.72549019607843,68.0,63.529411764705884,15.0,1067.75,33.0,15.686274509803921
1676841397,11.372549019607844,2.95,15.0,79.0,79.0,16.862745098039216,68.0,65.09803921568627,15.0,955.25,30.0,16.07843137254902
1676841398,10.196078431372548,2.57,15.0,79.0,79.0,15.686274509803921,68.0,63.13725490196079,15.0,1050.0,24.0,16.07843137254902
1676841399,10.196078431372548,2.62,15.0,79.0,79.0,14.901960784313726,68.0,63.529411764705884,15.0,1039.75,22.0,15.686274509803921
1676841401,10.196078431372548,2.62,15.0,79.0,79.0,14.901960784313726,68.0,64.31372549019608,15.0,1014.0,22.0,16.07843137254902
1676841402,11.76470588235294,2.84,15.0,79.0,79.0,17.254901960784313,68.0,66.27450980392157,15.0,961.5,20.0,16.07843137254902
1676841403,13.72549019607843,3.04,15.0,79.0,79.0,19.607843137254903,68.0,66.27450980392157,15.0,871.75,18.0,16.07843137254902
1676841404,18.823529411764707,3.37,15.0,79.0,79.0,27.45098039215686,68.0,66.66666666666667,15.0,737.5,16.0,16.470588235294116
1676841405,30.19607843137255,9.09,15.0,79.0,79.0,45.490196078431374,68.0,67.84313725490196,15.0,1307.75,11.0,23.529411764705884
1676841407,37.254901960784316,14.25,15.0,79.0,79.0,53.333333333333336,68.0,59.6078431372549,15.0,1646.0,14.0,26.274509803921568
1676841408,34.509803921568626,15.84,15.0,79.0,79.0,51.372549019607845,68.0,64.31372549019608,15.0,1853.0,19.0,25.098039215686274
1676841409,53.333333333333336,18.04,15.0,79.0,79.0,71.76470588235294,68.0,66.27450980392157,15.0,1419.5,26.0,34.11764705882353
1676841410,38.03921568627451,19.1,15.0,79.0,79.0,61.568627450980394,68.0,65.88235294117646,15.0,1609.25,28.0,27.84313725490196
1676841412,15.686274509803921,4.48,15.0,79.0,80.0,30.58823529411765,68.0,64.70588235294117,15.0,1795.25,36.0,17.254901960784313
1676841413,9.803921568627452,3.23,15.0,79.0,80.0,14.509803921568627,68.0,63.92156862745098,15.0,1353.0,37.0,16.470588235294116
1676841414,10.196078431372548,3.23,15.0,79.0,80.0,15.294117647058824,68.0,55.68627450980392,15.0,1248.25,38.0,16.470588235294116
1676841415,9.803921568627452,2.57,15.0,79.0,80.0,14.901960784313726,68.0,62.745098039215684,15.0,1057.0,34.0,15.686274509803921
1676841416,9.803921568627452,2.67,15.0,79.0,80.0,14.509803921568627,68.0,61.1764705882353,15.0,1153.0,30.0,16.07843137254902
1676841418,10.980392156862745,2.7800000000000002,15.0,79.0,80.0,16.07843137254902,68.0,60.78431372549019,15.0,991.25,24.0,16.07843137254902
1676841419,13.333333333333334,3.1,15.0,79.0,80.0,19.607843137254903,68.0,64.70588235294117,15.0,888.25,20.0,16.07843137254902
1676841420,55.68627450980392,24.2,15.0,79.0,80.0,81.56862745098039,68.0,61.1764705882353,15.0,1667.0,17.0,37.64705882352941
1676841421,58.431372549019606,28.25,15.0,79.0,80.0,86.27450980392157,68.0,53.72549019607843,15.0,1917.75,19.0,39.21568627450981
1676841422,56.86274509803921,29.48,15.0,79.0,80.0,85.49019607843137,68.0,61.568627450980394,15.0,2077.25,28.0,40.78431372549019
1676841424,53.333333333333336,29.98,15.0,79.0,80.0,80.3921568627451,68.0,66.27450980392157,15.0,2269.5,33.0,40.78431372549019
1676841425,44.31372549019608,23.92,15.0,79.0,81.0,66.27450980392157,68.0,66.27450980392157,15.0,2261.5,41.0,31.372549019607842
1676841426,50.588235294117645,22.650000000000002,14.0,79.0,81.0,75.68627450980392,69.0,63.13725490196079,14.0,1811.5,48.0,36.470588235294116
1676841427,52.15686274509804,22.67,14.0,79.0,81.0,70.98039215686275,69.0,69.80392156862744,14.0,1898.25,51.0,37.64705882352941
1676841428,44.31372549019608,19.54,14.0,79.0,82.0,65.88235294117646,69.0,68.62745098039215,14.0,1782.75,58.0,32.94117647058823
1676841430,32.15686274509804,13.32,14.0,79.0,82.0,48.23529411764706,69.0,68.62745098039215,14.0,1834.25,60.0,23.92156862745098
1676841431,17.254901960784313,3.5300000000000002,14.0,79.0,82.0,34.11764705882353,69.0,70.19607843137256,14.0,1584.25,66.0,16.470588235294116
1676841432,9.803921568627452,4.01,14.0,79.0,83.0,14.901960784313726,69.0,69.41176470588235,14.0,1294.5,66.0,16.862745098039216
1676841433,13.333333333333334,4.32,14.0,79.0,83.0,20.0,69.0,66.27450980392157,14.0,1300.0,66.0,17.254901960784313
1676841434,12.549019607843137,3.1,14.0,79.0,83.0,19.607843137254903,69.0,63.529411764705884,14.0,1242.0,66.0,16.07843137254902
1676841436,12.549019607843137,4.53,14.0,79.0,83.0,16.862745098039216,69.0,61.568627450980394,14.0,1256.25,66.0,17.254901960784313
1676841437,14.901960784313726,4.57,14.0,79.0,83.0,21.96078431372549,69.0,62.745098039215684,14.0,1228.0,64.0,17.254901960784313
1676841438,20.0,6.0600000000000005,14.0,79.0,83.0,29.80392156862745,69.0,55.294117647058826,14.0,1234.25,64.0,18.431372549019606
1676841439,29.019607843137255,8.31,14.0,79.0,83.0,43.92156862745098,69.0,59.21568627450981,14.0,1237.5,63.0,21.96078431372549
1676841441,42.745098039215684,13.280000000000001,14.0,79.0,83.0,63.13725490196079,69.0,60.3921568627451,14.0,1271.0,63.0,31.764705882352942
1676841442,43.92156862745098,14.15,14.0,79.0,83.0,65.09803921568627,69.0,66.66666666666667,14.0,1296.75,64.0,32.549019607843135
1676841443,43.13725490196078,14.200000000000001,14.0,79.0,83.0,64.31372549019608,69.0,64.31372549019608,14.0,1325.0,66.0,32.549019607843135
1676841444,39.6078431372549,12.790000000000001,14.0,79.0,83.0,57.254901960784316,69.0,65.09803921568627,14.0,1330.25,67.0,29.80392156862745
1676841445,55.68627450980392,19.06,14.0,79.0,83.0,82.74509803921569,69.0,65.88235294117646,14.0,1395.25,67.0,34.90196078431372
1676841447,56.07843137254902,19.21,14.0,79.0,83.0,82.74509803921569,69.0,66.27450980392157,14.0,1392.0,69.0,35.68627450980392
1676841448,18.431372549019606,3.17,14.0,79.0,83.0,33.72549019607843,69.0,65.88235294117646,14.0,1290.5,67.0,16.07843137254902
1676841449,10.588235294117647,4.26,14.0,79.0,84.0,14.901960784313726,70.0,66.66666666666667,14.0,1217.0,66.0,17.254901960784313
1676841450,14.509803921568627,4.4,14.0,79.0,84.0,21.568627450980394,70.0,66.66666666666667,14.0,1177.25,62.0,17.254901960784313
1676841451,14.901960784313726,4.92,14.0,79.0,84.0,21.96078431372549,70.0,65.49019607843137,14.0,1346.75,58.0,17.647058823529413
1676841453,34.90196078431372,3.65,14.0,79.0,84.0,62.35294117647059,70.0,65.88235294117646,14.0,1353.0,56.0,16.862745098039216
1676841454,10.588235294117647,3.15,14.0,79.0,84.0,16.470588235294116,70.0,67.45098039215686,14.0,1310.0,55.0,16.07843137254902
1676841455,20.392156862745097,9.07,14.0,79.0,84.0,28.627450980392158,70.0,66.66666666666667,14.0,1321.75,54.0,20.392156862745097
1676841456,20.0,3.0300000000000002,14.0,79.0,84.0,30.980392156862745,70.0,64.31372549019608,14.0,1316.25,54.0,16.07843137254902
1676841457,10.588235294117647,3.14,14.0,79.0,84.0,16.862745098039216,70.0,66.27450980392157,14.0,1307.0,54.0,16.07843137254902
1676841459,14.117647058823529,4.76,14.0,79.0,83.0,20.784313725490197,70.0,67.45098039215686,14.0,1307.75,56.0,17.647058823529413
1676841460,14.901960784313726,4.67,14.0,79.0,83.0,22.352941176470587,70.0,68.62745098039215,14.0,1266.25,54.0,17.254901960784313
1676841461,15.294117647058822,4.3500000000000005,14.0,79.0,83.0,22.352941176470587,70.0,67.05882352941177,14.0,1172.5,53.0,17.254901960784313
1676841462,14.901960784313726,4.8100000000000005,14.0,79.0,83.0,21.96078431372549,70.0,68.23529411764706,14.0,1290.5,48.0,17.254901960784313
1676841464,12.941176470588236,2.9,14.0,79.0,83.0,21.176470588235293,70.0,67.05882352941177,14.0,1092.75,43.0,16.07843137254902
1676841465,9.803921568627452,2.5,14.0,79.0,83.0,14.901960784313726,70.0,70.58823529411765,14.0,1085.75,36.0,15.686274509803921
1676841466,9.411764705882353,2.7800000000000002,14.0,79.0,83.0,14.117647058823529,70.0,76.07843137254902,14.0,1200.75,29.0,16.07843137254902
1676841467,10.588235294117647,2.98,14.0,79.0,83.0,15.294117647058824,70.0,67.45098039215686,14.0,982.75,26.0,16.07843137254902
1676841468,15.686274509803921,3.93,14.0,79.0,82.0,21.176470588235293,70.0,69.80392156862744,14.0,815.5,18.0,16.862745098039216
1676841470,43.529411764705884,19.06,14.0,79.0,82.0,47.84313725490196,70.0,60.0,14.0,979.5,14.0,30.19607843137255
1676841471,17.647058823529413,7.21,14.0,79.0,82.0,24.313725490196077,70.0,72.94117647058823,14.0,1383.5,15.0,19.215686274509803
1676841472,44.705882352941174,18.71,14.0,79.0,82.0,66.66666666666667,70.0,66.27450980392157,14.0,1681.25,18.0,32.94117647058823
1676841473,61.17647058823529,28.0,13.0,79.0,82.0,89.41176470588235,70.0,64.31372549019608,13.0,1818.75,22.0,39.21568627450981
1676841474,67.05882352941177,38.92,13.0,79.0,82.0,96.86274509803921,70.0,60.0,13.0,2273.25,26.0,43.529411764705884
1676841476,43.92156862745098,28.92,13.0,79.0,82.0,61.568627450980394,70.0,54.90196078431372,13.0,2664.75,33.0,31.372549019607842
1676841477,46.27450980392157,20.54,13.0,79.0,83.0,72.94117647058823,70.0,58.8235294117647,13.0,1807.75,37.0,36.470588235294116
1676841478,46.666666666666664,21.57,13.0,79.0,83.0,69.80392156862744,71.0,56.07843137254902,13.0,1857.0,39.0,36.470588235294116
1676841479,23.52941176470588,12.15,13.0,79.0,84.0,34.90196078431372,71.0,62.35294117647059,13.0,1896.0,41.0,21.568627450980394
1676841480,24.313725490196077,12.81,13.0,79.0,84.0,30.980392156862745,71.0,57.254901960784316,13.0,1828.0,39.0,23.529411764705884
1676841482,21.96078431372549,7.96,13.0,79.0,84.0,37.254901960784316,71.0,61.568627450980394,13.0,1767.0,39.0,19.607843137254903
1676841483,37.254901960784316,11.85,13.0,79.0,85.0,61.568627450980394,71.0,59.6078431372549,13.0,1730.25,38.0,24.313725490196077
1676841484,12.549019607843137,3.68,13.0,79.0,85.0,20.392156862745097,70.0,56.86274509803921,13.0,1649.0,36.0,16.470588235294116
1676841485,9.803921568627452,3.37,13.0,79.0,85.0,14.509803921568627,70.0,63.13725490196079,13.0,1437.5,34.0,16.470588235294116
1676841487,9.411764705882353,2.82,13.0,79.0,85.0,14.117647058823529,70.0,63.13725490196079,13.0,1225.0,30.0,16.07843137254902
1676841488,12.156862745098039,4.28,13.0,79.0,85.0,16.862745098039216,70.0,59.21568627450981,13.0,1171.75,26.0,17.254901960784313
1676841489,43.13725490196078,14.450000000000001,13.0,79.0,85.0,58.431372549019606,70.0,49.80392156862745,13.0,1322.5,23.0,32.15686274509804
1676841490,59.6078431372549,23.76,13.0,79.0,85.0,87.05882352941177,70.0,57.64705882352941,13.0,1550.75,23.0,37.254901960784316
1676841491,62.35294117647059,32.92,13.0,79.0,85.0,91.37254901960785,70.0,60.3921568627451,13.0,2100.75,26.0,41.568627450980394
1676841493,64.31372549019608,36.92,13.0,79.0,85.0,93.72549019607843,71.0,63.92156862745098,13.0,2280.25,34.0,43.13725490196079
1676841494,64.70588235294117,42.07,13.0,79.0,86.0,94.90196078431373,72.0,60.78431372549019,13.0,2602.25,42.0,45.88235294117647
1676841495,48.23529411764706,32.03,12.0,79.0,86.0,70.19607843137256,72.0,65.09803921568627,12.0,2728.75,47.0,38.03921568627451
1676841496,56.470588235294116,28.01,12.0,79.0,86.0,85.09803921568627,72.0,62.35294117647059,12.0,2048.25,55.0,39.21568627450981
1676841497,56.86274509803921,31.32,12.0,79.0,86.0,79.2156862745098,72.0,64.31372549019608,12.0,2197.5,59.0,40.78431372549019
1676841499,63.92156862745098,38.2,12.0,79.0,87.0,92.54901960784314,72.0,65.49019607843137,12.0,2394.5,65.0,44.31372549019608
1676841500,61.17647058823529,38.76,12.0,79.0,87.0,92.15686274509804,73.0,63.529411764705884,12.0,2591.25,68.0,42.745098039215684
1676841501,45.09803921568627,28.93,12.0,79.0,87.0,66.66666666666667,73.0,63.92156862745098,12.0,2732.75,75.0,33.333333333333336
1676841502,51.76470588235294,31.37,12.0,79.0,87.0,73.33333333333333,73.0,65.09803921568627,12.0,2423.25,81.0,40.78431372549019
1676841504,48.627450980392155,29.6,12.0,79.0,87.0,78.03921568627452,73.0,61.1764705882353,12.0,2536.5,83.0,35.68627450980392
1676841505,50.19607843137255,26.310000000000002,12.0,79.0,88.0,73.33333333333333,73.0,63.13725490196079,12.0,2177.25,87.0,38.8235294117647
1676841506,63.13725490196078,34.64,12.0,79.0,88.0,92.54901960784314,73.0,63.92156862745098,12.0,2214.75,89.0,43.13725490196079
1676841507,70.98039215686275,76.0,12.0,79.0,89.0,99.2156862745098,73.0,65.09803921568627,12.0,3317.75,93.0,81.96078431372548
1676841508,77.25490196078431,92.87,12.0,79.0,89.0,99.2156862745098,73.0,63.529411764705884,12.0,4819.5,97.0,81.96078431372548
1676841510,74.50980392156863,95.06,12.0,79.0,89.0,96.07843137254902,74.0,65.09803921568627,12.0,5157.75,104.0,62.35294117647059
1676841511,9.803921568627452,11.31,12.0,79.0,89.0,12.549019607843137,74.0,65.49019607843137,12.0,4869.5,111.0,21.176470588235293
1676841512,15.686274509803921,15.1,12.0,79.0,89.0,20.0,75.0,60.0,12.0,3865.5,110.0,22.352941176470587
1676841513,12.156862745098039,14.81,12.0,79.0,89.0,12.941176470588236,75.0,65.49019607843137,12.0,3779.5,108.0,22.352941176470587
1676841514,24.313725490196077,19.07,12.0,79.0,89.0,39.21568627450981,75.0,63.13725490196079,12.0,3191.25,108.0,23.92156862745098
1676841516,31.764705882352942,24.25,12.0,79.0,90.0,43.92156862745098,75.0,66.66666666666667,12.0,3207.75,108.0,26.666666666666668
1676841517,25.88235294117647,15.85,12.0,79.0,90.0,39.6078431372549,75.0,65.88235294117646,12.0,2625.75,108.0,23.137254901960784
1676841518,41.568627450980394,26.5,12.0,79.0,91.0,61.1764705882353,76.0,65.49019607843137,12.0,2636.5,108.0,30.19607843137255
1676841519,30.588235294117645,14.64,12.0,79.0,91.0,45.490196078431374,76.0,66.27450980392157,12.0,2157.0,108.0,23.529411764705884
1676841520,9.803921568627452,5.07,12.0,79.0,91.0,15.294117647058824,76.0,65.49019607843137,12.0,2093.75,109.0,17.647058823529413
1676841522,19.215686274509803,13.64,12.0,79.0,91.0,17.647058823529413,76.0,64.31372549019608,12.0,2062.5,107.0,20.0
1676841523,51.372549019607845,26.71,12.0,79.0,91.0,75.68627450980392,76.0,65.88235294117646,12.0,2107.75,106.0,38.8235294117647
1676841524,54.11764705882353,30.400000000000002,12.0,79.0,91.0,80.7843137254902,76.0,63.13725490196079,12.0,2139.75,110.0,38.431372549019606
1676841525,65.88235294117646,57.31,12.0,79.0,91.0,91.76470588235294,76.0,63.529411764705884,12.0,3399.0,111.0,49.80392156862745
1676841527,69.80392156862744,70.04,12.0,79.0,91.0,93.33333333333333,77.0,58.431372549019606,12.0,4080.25,113.0,55.294117647058826
1676841528,58.8235294117647,60.21,11.0,79.0,90.0,79.2156862745098,77.0,63.13725490196079,11.0,4241.25,118.0,37.64705882352941
1676841529,35.68627450980392,30.71,12.0,79.0,89.0,50.98039215686274,77.0,63.13725490196079,12.0,3640.5,122.0,27.84313725490196
1676841530,9.411764705882353,6.93,12.0,79.0,89.0,14.117647058823529,77.0,64.70588235294117,12.0,2915.5,123.0,18.823529411764707
1676841531,12.941176470588236,9.290000000000001,12.0,79.0,89.0,18.431372549019606,77.0,61.568627450980394,12.0,2877.25,121.0,20.0
1676841533,13.333333333333334,7.26,12.0,80.0,89.0,19.607843137254903,77.0,65.09803921568627,12.0,2301.5,120.0,18.823529411764707
1676841534,12.549019607843137,7.12,12.0,80.0,89.0,18.823529411764707,77.0,61.568627450980394,12.0,2280.25,119.0,18.823529411764707
1676841535,12.549019607843137,6.95,12.0,80.0,90.0,18.431372549019606,77.0,63.92156862745098,12.0,2235.75,117.0,18.823529411764707
1676841536,12.549019607843137,6.8500000000000005,12.0,80.0,90.0,18.431372549019606,77.0,66.27450980392157,12.0,2199.0,115.0,18.823529411764707
1676841537,12.549019607843137,6.78,12.0,80.0,89.0,18.431372549019606,77.0,60.3921568627451,12.0,2169.5,114.0,18.823529411764707
1676841539,12.549019607843137,6.640000000000001,12.0,80.0,89.0,18.431372549019606,78.0,63.92156862745098,12.0,2158.5,112.0,18.823529411764707
1676841540,12.549019607843137,6.54,12.0,80.0,89.0,18.431372549019606,78.0,65.49019607843137,12.0,2144.5,112.0,18.823529411764707
1676841541,21.56862745098039,16.96,12.0,80.0,89.0,19.215686274509803,78.0,63.529411764705884,12.0,2200.0,111.0,23.529411764705884
1676841542,13.333333333333334,4.6000000000000005,12.0,80.0,88.0,24.705882352941178,78.0,65.88235294117646,12.0,2167.0,111.0,17.254901960784313
1676841543,11.372549019607844,6.46,12.0,80.0,88.0,14.509803921568627,78.0,65.88235294117646,12.0,1796.0,111.0,18.431372549019606
1676841545,10.588235294117647,4.37,12.0,80.0,88.0,17.254901960784313,78.0,65.88235294117646,12.0,1767.0,111.0,17.254901960784313
1676841546,9.803921568627452,4.32,12.0,80.0,87.0,14.509803921568627,78.0,65.49019607843137,12.0,1793.75,110.0,17.254901960784313
1676841547,32.549019607843135,20.39,12.0,80.0,87.0,28.235294117647058,78.0,65.49019607843137,12.0,1817.0,109.0,26.666666666666668
1676841548,15.686274509803921,6.8500000000000005,12.0,80.0,87.0,26.274509803921568,78.0,66.66666666666667,12.0,1809.25,111.0,17.254901960784313
1676841549,42.35294117647059,17.62,12.0,80.0,87.0,77.6470588235294,78.0,63.92156862745098,12.0,1842.0,112.0,25.88235294117647
1676841551,42.35294117647059,19.37,12.0,80.0,87.0,62.35294117647059,77.0,65.88235294117646,12.0,1871.75,114.0,30.19607843137255
1676841552,30.588235294117645,3.92,12.0,80.0,87.0,60.78431372549019,77.0,66.27450980392157,12.0,1893.75,115.0,16.862745098039216
1676841553,23.52941176470588,23.26,12.0,80.0,87.0,27.84313725490196,77.0,65.09803921568627,12.0,1937.5,117.0,25.098039215686274
1676841554,32.549019607843135,15.5,12.0,80.0,87.0,48.23529411764706,77.0,67.84313725490196,12.0,1914.0,116.0,24.705882352941178
1676841555,14.117647058823529,4.39,12.0,80.0,87.0,27.84313725490196,77.0,64.31372549019608,12.0,1908.5,118.0,16.862745098039216
1676841557,11.372549019607844,6.76,12.0,80.0,87.0,14.509803921568627,77.0,62.35294117647059,12.0,1890.5,117.0,18.823529411764707
1676841558,14.509803921568627,6.76,12.0,80.0,87.0,21.96078431372549,77.0,67.05882352941177,12.0,1861.5,117.0,18.823529411764707
1676841559,14.901960784313726,6.57,12.0,80.0,87.0,21.96078431372549,77.0,63.13725490196079,12.0,1814.75,115.0,18.431372549019606
1676841560,14.901960784313726,6.45,12.0,80.0,87.0,21.96078431372549,77.0,66.66666666666667,12.0,1761.5,113.0,18.431372549019606
1676841562,17.254901960784313,6.4,12.0,80.0,87.0,27.45098039215686,77.0,63.529411764705884,12.0,1720.25,110.0,18.431372549019606
1676841563,14.509803921568627,6.15,12.0,80.0,86.0,21.568627450980394,77.0,67.45098039215686,12.0,1691.25,107.0,18.431372549019606
1676841564,18.03921568627451,6.21,12.0,80.0,86.0,25.88235294117647,77.0,67.05882352941177,12.0,1665.5,106.0,18.431372549019606
1676841565,15.294117647058822,6.12,12.0,80.0,86.0,23.529411764705884,77.0,63.92156862745098,12.0,1643.75,104.0,18.431372549019606
1676841566,38.431372549019606,15.73,12.0,80.0,86.0,54.90196078431372,77.0,66.66666666666667,12.0,1669.5,102.0,25.49019607843137
1676841568,21.96078431372549,3.92,12.0,80.0,85.0,43.13725490196079,77.0,65.09803921568627,12.0,1670.25,102.0,16.862745098039216
1676841569,9.803921568627452,3.93,12.0,80.0,85.0,14.901960784313726,77.0,65.09803921568627,12.0,1635.75,102.0,16.862745098039216
1676841570,14.509803921568627,5.76,12.0,80.0,85.0,21.568627450980394,77.0,63.529411764705884,12.0,1576.5,101.0,18.03921568627451
1676841571,14.901960784313726,5.57,13.0,80.0,85.0,21.568627450980394,77.0,65.88235294117646,13.0,1539.0,98.0,18.03921568627451
1676841572,14.901960784313726,5.57,12.0,80.0,85.0,21.176470588235293,77.0,63.529411764705884,12.0,1532.75,96.0,18.03921568627451
1676841574,14.117647058823529,5.5600000000000005,12.0,80.0,85.0,21.176470588235293,77.0,63.92156862745098,12.0,1522.5,96.0,18.03921568627451
1676841575,22.352941176470587,20.89,12.0,80.0,85.0,22.352941176470587,77.0,66.27450980392157,12.0,1514.75,95.0,25.88235294117647
1676841576,13.72549019607843,3.87,12.0,80.0,84.0,23.92156862745098,77.0,64.70588235294117,12.0,1536.5,95.0,16.862745098039216
1676841577,13.333333333333334,5.3500000000000005,13.0,80.0,84.0,18.431372549019606,77.0,64.70588235294117,13.0,1507.75,94.0,18.03921568627451
1676841578,14.117647058823529,5.25,13.0,80.0,84.0,20.784313725490197,76.0,65.49019607843137,13.0,1447.5,93.0,17.647058823529413
1676841580,17.254901960784313,5.07,13.0,80.0,84.0,24.313725490196077,76.0,61.568627450980394,13.0,1375.0,89.0,17.647058823529413
1676841581,16.470588235294116,4.76,13.0,80.0,84.0,25.49019607843137,76.0,59.21568627450981,13.0,1278.75,85.0,17.254901960784313
1676841582,13.333333333333334,2.9,13.0,80.0,84.0,22.352941176470587,76.0,63.13725490196079,13.0,1159.25,79.0,15.686274509803921
1676841583,31.764705882352942,11.09,13.0,80.0,84.0,38.8235294117647,76.0,63.13725490196079,13.0,1431.25,72.0,22.745098039215687
1676841585,56.07843137254902,20.28,12.0,80.0,83.0,81.96078431372548,76.0,61.568627450980394,12.0,1464.75,72.0,35.294117647058826
1676841586,12.941176470588236,3.5,12.0,80.0,83.0,22.352941176470587,76.0,63.92156862745098,12.0,1404.5,74.0,16.470588235294116
1676841587,10.196078431372548,3.9,13.0,80.0,83.0,14.509803921568627,76.0,66.66666666666667,13.0,1383.5,73.0,16.862745098039216
1676841588,10.980392156862745,3.64,13.0,80.0,83.0,16.07843137254902,76.0,63.529411764705884,13.0,1342.0,71.0,16.862745098039216
1676841589,10.980392156862745,3.54,13.0,80.0,83.0,16.07843137254902,76.0,61.568627450980394,13.0,1324.0,70.0,16.470588235294116
1676841591,10.588235294117647,3.2600000000000002,13.0,80.0,83.0,16.07843137254902,76.0,63.13725490196079,13.0,1251.5,68.0,16.470588235294116
1676841592,10.588235294117647,3.15,13.0,80.0,83.0,15.686274509803921,76.0,61.96078431372549,13.0,1217.0,65.0,16.470588235294116
1676841593,10.196078431372548,2.9,13.0,80.0,83.0,15.294117647058824,76.0,60.78431372549019,13.0,1153.0,63.0,16.07843137254902
1676841594,10.588235294117647,3.3200000000000003,13.0,80.0,83.0,15.294117647058824,76.0,58.431372549019606,13.0,1266.25,58.0,16.470588235294116
1676841595,10.196078431372548,2.64,13.0,80.0,83.0,15.294117647058824,76.0,62.745098039215684,13.0,1075.0,53.0,15.686274509803921
1676841597,10.588235294117647,3.14,13.0,80.0,83.0,15.686274509803921,76.0,61.568627450980394,13.0,1207.75,45.0,16.470588235294116
1676841598,10.196078431372548,2.5,13.0,80.0,83.0,15.294117647058824,76.0,60.3921568627451,13.0,1040.5,42.0,15.686274509803921
1676841599,9.411764705882353,2.64,13.0,80.0,82.0,14.117647058823529,76.0,64.31372549019608,13.0,1114.0,35.0,15.686274509803921
1676841600,9.411764705882353,2.5,13.0,80.0,82.0,13.72549019607843,76.0,65.88235294117646,13.0,1085.0,28.0,15.686274509803921
1676841602,15.294117647058822,3.64,13.0,80.0,82.0,20.784313725490197,76.0,59.21568627450981,13.0,821.0,22.0,16.470588235294116
1676841603,17.647058823529413,3.45,13.0,80.0,82.0,25.88235294117647,76.0,58.431372549019606,13.0,801.5,15.0,16.470588235294116
1676841604,14.509803921568627,3.18,13.0,80.0,82.0,21.568627450980394,76.0,68.23529411764706,13.0,921.75,13.0,16.07843137254902
1676841605,13.72549019607843,3.12,13.0,80.0,82.0,20.784313725490197,76.0,64.31372549019608,13.0,909.25,11.0,16.07843137254902
1676841606,38.8235294117647,14.5,13.0,80.0,82.0,62.35294117647059,76.0,63.92156862745098,13.0,1515.5,11.0,26.666666666666668
1676841608,15.686274509803921,3.9,13.0,80.0,82.0,25.098039215686274,76.0,61.1764705882353,13.0,1575.0,16.0,16.862745098039216
1676841609,9.803921568627452,3.31,13.0,80.0,82.0,14.901960784313726,76.0,67.45098039215686,13.0,1430.25,20.0,16.470588235294116
1676841610,21.56862745098039,15.89,13.0,80.0,82.0,25.88235294117647,76.0,59.21568627450981,13.0,1394.5,19.0,21.96078431372549
1676841611,26.274509803921568,4.1,13.0,80.0,82.0,57.64705882352941,76.0,64.70588235294117,13.0,2096.75,21.0,16.862745098039216
1676841612,15.686274509803921,2.92,13.0,80.0,82.0,26.666666666666668,76.0,60.3921568627451,13.0,1303.0,23.0,15.686274509803921
1676841614,10.196078431372548,2.75,13.0,80.0,82.0,15.294117647058824,76.0,68.62745098039215,13.0,1182.0,26.0,16.07843137254902
1676841615,9.803921568627452,2.59,13.0,80.0,82.0,14.117647058823529,76.0,75.29411764705883,13.0,1032.0,25.0,15.686274509803921
1676841616,10.588235294117647,8.78,13.0,80.0,83.0,16.07843137254902,76.0,70.98039215686275,13.0,988.25,22.0,16.07843137254902
1676841617,53.72549019607843,24.59,13.0,80.0,83.0,81.17647058823529,76.0,67.45098039215686,13.0,1825.0,23.0,35.68627450980392
1676841618,27.058823529411764,16.59,13.0,80.0,83.0,29.80392156862745,76.0,71.76470588235294,13.0,1427.25,25.0,25.098039215686274
1676841620,21.56862745098039,3.7,13.0,80.0,83.0,38.8235294117647,76.0,72.15686274509804,13.0,1362.5,27.0,16.07843137254902
1676841621,58.8235294117647,21.09,13.0,80.0,83.0,80.0,76.0,70.58823529411765,13.0,1403.75,28.0,35.294117647058826
1676841622,65.49019607843137,42.14,13.0,80.0,83.0,94.11764705882354,77.0,63.529411764705884,13.0,2492.75,32.0,45.09803921568628
1676841623,64.31372549019608,50.92,13.0,80.0,83.0,93.33333333333333,77.0,58.8235294117647,13.0,3063.25,34.0,48.23529411764706
1676841624,50.98039215686274,45.54,12.0,80.0,83.0,69.80392156862744,77.0,56.470588235294116,12.0,3626.5,44.0,36.86274509803921
1676841626,45.88235294117647,29.18,12.0,80.0,84.0,68.62745098039215,77.0,52.94117647058823,12.0,2627.25,52.0,32.94117647058823
1676841627,49.01960784313725,25.150000000000002,12.0,80.0,84.0,72.94117647058823,77.0,55.294117647058826,12.0,2085.0,57.0,38.431372549019606
1676841628,49.411764705882355,27.26,12.0,80.0,85.0,72.54901960784314,77.0,61.1764705882353,12.0,2226.5,59.0,38.8235294117647
1676841629,49.411764705882355,28.400000000000002,12.0,80.0,85.0,71.76470588235294,77.0,61.96078431372549,12.0,2355.25,64.0,36.86274509803921
1676841631,52.549019607843135,27.75,12.0,80.0,86.0,70.19607843137256,77.0,64.31372549019608,12.0,2257.0,69.0,38.8235294117647
1676841632,53.333333333333336,28.21,12.0,80.0,86.0,78.43137254901961,77.0,61.568627450980394,12.0,2139.0,71.0,40.0
1676841633,58.431372549019606,32.12,12.0,80.0,87.0,85.49019607843137,77.0,65.09803921568627,12.0,2218.75,73.0,41.1764705882353
1676841634,53.72549019607843,30.21,12.0,80.0,87.0,78.43137254901961,77.0,60.78431372549019,12.0,2292.75,75.0,40.3921568627451
1676841635,11.76470588235294,4.59,12.0,80.0,87.0,21.176470588235293,77.0,64.31372549019608,12.0,1992.0,77.0,17.254901960784313
1676841637,29.41176470588235,11.6,12.0,80.0,88.0,46.666666666666664,77.0,64.70588235294117,12.0,1835.75,75.0,22.352941176470587
1676841638,12.941176470588236,3.87,12.0,80.0,88.0,21.568627450980394,77.0,63.529411764705884,12.0,1686.5,76.0,16.862745098039216
1676841639,9.803921568627452,3.23,12.0,80.0,88.0,14.509803921568627,77.0,58.431372549019606,12.0,1379.5,73.0,16.470588235294116
1676841640,10.588235294117647,3.39,12.0,80.0,88.0,16.07843137254902,77.0,57.64705882352941,12.0,1279.5,71.0,16.470588235294116
1676841641,10.588235294117647,2.85,13.0,80.0,88.0,15.686274509803921,77.0,62.745098039215684,13.0,1125.75,64.0,16.07843137254902
1676841643,10.588235294117647,3.46,13.0,80.0,88.0,15.686274509803921,76.0,59.6078431372549,13.0,1310.75,60.0,16.470588235294116
1676841644,10.588235294117647,3.23,13.0,80.0,88.0,15.686274509803921,76.0,56.07843137254902,13.0,1233.5,54.0,16.470588235294116
1676841645,9.411764705882353,2.93,13.0,80.0,87.0,14.509803921568627,76.0,60.0,13.0,1247.5,53.0,16.07843137254902
1676841646,10.980392156862745,3.4,13.0,80.0,87.0,16.07843137254902,77.0,61.1764705882353,13.0,1228.0,51.0,16.470588235294116
1676841647,10.196078431372548,2.82,13.0,80.0,87.0,15.686274509803921,77.0,60.3921568627451,13.0,1217.0,51.0,16.07843137254902
1676841649,9.803921568627452,3.09,13.0,80.0,87.0,14.509803921568627,77.0,60.0,13.0,1186.5,50.0,16.07843137254902
1676841650,10.196078431372548,3.0100000000000002,13.0,80.0,86.0,15.294117647058824,77.0,60.3921568627451,13.0,1174.0,50.0,16.07843137254902
1676841651,27.84313725490196,19.53,13.0,80.0,86.0,26.666666666666668,77.0,60.0,13.0,1250.75,49.0,25.88235294117647
1676841652,25.88235294117647,9.31,13.0,80.0,86.0,39.21568627450981,77.0,61.568627450980394,13.0,1518.75,51.0,20.784313725490197
1676841653,23.92156862745098,9.15,13.0,80.0,85.0,30.58823529411765,78.0,60.78431372549019,13.0,1554.5,51.0,20.392156862745097
1676841655,42.35294117647059,18.95,13.0,80.0,85.0,45.88235294117647,78.0,60.0,13.0,1627.25,52.0,34.11764705882353
1676841656,27.84313725490196,7.890000000000001,13.0,80.0,85.0,42.35294117647059,78.0,58.431372549019606,13.0,1345.25,55.0,20.784313725490197
1676841657,52.94117647058823,20.84,13.0,80.0,85.0,65.09803921568627,78.0,58.8235294117647,13.0,1407.0,55.0,34.90196078431372
1676841658,65.09803921568627,42.93,13.0,80.0,85.0,94.90196078431373,78.0,60.78431372549019,13.0,2683.5,55.0,45.88235294117647
1676841659,63.92156862745098,45.26,12.0,80.0,85.0,92.94117647058823,78.0,63.529411764705884,12.0,2868.75,58.0,47.05882352941177
1676841661,64.31372549019608,49.59,12.0,80.0,85.0,94.50980392156863,79.0,61.568627450980394,12.0,3098.25,63.0,47.84313725490196
1676841662,65.49019607843137,54.17,12.0,80.0,85.0,92.94117647058823,79.0,66.27450980392157,12.0,3329.5,65.0,49.411764705882355
1676841663,60.78431372549019,52.76,12.0,80.0,85.0,85.49019607843137,79.0,65.88235294117646,12.0,3567.75,73.0,46.666666666666664
1676841664,62.35294117647059,43.96,12.0,80.0,85.0,90.58823529411765,80.0,64.70588235294117,12.0,2849.0,77.0,47.05882352941177
1676841665,58.03921568627451,41.0,12.0,80.0,86.0,86.66666666666667,80.0,62.745098039215684,12.0,2877.25,79.0,39.6078431372549
1676841667,62.35294117647059,46.09,12.0,80.0,86.0,90.19607843137256,80.0,61.96078431372549,12.0,2996.75,83.0,47.450980392156865
1676841668,63.13725490196078,48.17,12.0,80.0,86.0,92.54901960784314,80.0,63.13725490196079,12.0,3114.0,85.0,48.627450980392155
1676841669,63.92156862745098,51.28,12.0,80.0,87.0,92.94117647058823,80.0,63.13725490196079,12.0,3238.25,90.0,49.01960784313726
1676841670,58.8235294117647,48.21,12.0,80.0,87.0,84.31372549019608,80.0,65.49019607843137,12.0,3357.0,92.0,47.05882352941177
1676841672,60.0,50.68,12.0,80.0,87.0,83.13725490196079,80.0,64.31372549019608,12.0,3471.75,98.0,48.23529411764706
1676841673,56.470588235294116,48.370000000000005,12.0,80.0,87.0,77.6470588235294,80.0,63.529411764705884,12.0,3571.0,99.0,48.627450980392155
1676841674,61.96078431372549,46.7,12.0,80.0,88.0,90.19607843137256,81.0,63.92156862745098,12.0,3075.75,103.0,48.627450980392155
1676841675,32.15686274509804,23.78,12.0,80.0,88.0,45.09803921568628,81.0,65.09803921568627,12.0,3048.25,106.0,26.274509803921568
1676841676,54.11764705882353,32.730000000000004,12.0,80.0,88.0,68.23529411764706,81.0,65.09803921568627,12.0,2612.5,105.0,41.568627450980394
1676841678,61.17647058823529,39.37,12.0,80.0,88.0,89.01960784313725,81.0,64.31372549019608,12.0,2627.25,106.0,43.92156862745098
1676841679,34.509803921568626,20.01,12.0,80.0,89.0,53.333333333333336,81.0,62.35294117647059,12.0,2612.5,108.0,25.88235294117647
1676841680,16.862745098039216,25.46,13.0,80.0,89.0,15.294117647058824,81.0,67.45098039215686,13.0,2313.25,108.0,26.666666666666668
1676841681,50.98039215686274,26.21,13.0,80.0,89.0,82.74509803921569,81.0,65.09803921568627,13.0,2110.0,107.0,34.90196078431372
1676841682,23.137254901960784,14.030000000000001,13.0,80.0,89.0,39.21568627450981,81.0,63.529411764705884,13.0,2107.75,107.0,21.568627450980394
1676841684,28.235294117647058,17.2,13.0,80.0,90.0,41.1764705882353,81.0,64.31372549019608,13.0,2092.0,106.0,23.137254901960784
1676841685,52.15686274509804,26.78,13.0,80.0,90.0,77.25490196078431,81.0,63.529411764705884,13.0,2089.75,108.0,39.21568627450981
1676841686,62.745098039215684,40.82,13.0,80.0,90.0,90.98039215686275,81.0,63.13725490196079,13.0,2249.0,106.0,43.529411764705884
1676841687,46.666666666666664,30.01,13.0,80.0,90.0,67.45098039215686,82.0,65.49019607843137,13.0,2591.25,108.0,33.72549019607843
1676841688,35.294117647058826,21.26,13.0,80.0,89.0,51.372549019607845,82.0,63.92156862745098,13.0,2571.75,107.0,26.274509803921568
1676841690,40.78431372549019,20.01,13.0,80.0,89.0,60.0,82.0,64.31372549019608,13.0,2046.75,105.0,29.019607843137255
1676841691,11.372549019607844,4.89,13.0,80.0,89.0,19.215686274509803,82.0,64.70588235294117,13.0,1991.25,105.0,17.647058823529413
1676841692,26.666666666666668,13.0,13.0,80.0,89.0,40.3921568627451,82.0,63.92156862745098,13.0,1961.5,102.0,22.352941176470587
1676841693,32.15686274509804,14.57,13.0,80.0,89.0,47.05882352941177,82.0,64.31372549019608,13.0,1935.75,99.0,24.313725490196077
1676841694,49.80392156862745,23.42,13.0,80.0,89.0,72.94117647058823,82.0,63.92156862745098,13.0,1928.75,99.0,37.254901960784316
1676841696,53.72549019607843,25.37,13.0,80.0,89.0,74.11764705882354,82.0,66.27450980392157,13.0,1934.25,99.0,38.03921568627451
1676841697,60.78431372549019,29.12,13.0,80.0,89.0,90.58823529411765,82.0,63.529411764705884,13.0,1950.75,100.0,40.3921568627451
1676841698,58.8235294117647,28.12,13.0,80.0,89.0,87.45098039215686,82.0,64.31372549019608,13.0,1967.75,99.0,40.78431372549019
1676841699,55.294117647058826,27.09,13.0,80.0,89.0,84.31372549019608,82.0,65.09803921568627,13.0,1980.25,100.0,39.6078431372549
1676841700,42.35294117647059,19.5,13.0,80.0,89.0,66.27450980392157,83.0,63.13725490196079,13.0,1992.0,102.0,30.19607843137255
1676841702,41.1764705882353,23.73,13.0,80.0,89.0,57.64705882352941,83.0,66.66666666666667,13.0,1989.75,102.0,33.72549019607843
1676841703,59.6078431372549,29.26,13.0,80.0,89.0,84.31372549019608,83.0,64.70588235294117,13.0,2012.5,102.0,40.3921568627451
1676841704,65.09803921568627,40.65,13.0,80.0,89.0,94.90196078431373,83.0,63.529411764705884,13.0,2535.0,104.0,45.490196078431374
1676841705,63.92156862745098,40.67,13.0,80.0,89.0,93.72549019607843,83.0,63.529411764705884,13.0,2567.75,104.0,46.27450980392157
1676841706,42.745098039215684,26.18,13.0,80.0,88.0,62.745098039215684,83.0,69.41176470588235,13.0,2589.0,106.0,30.980392156862745
1676841708,63.529411764705884,40.79,13.0,80.0,88.0,92.94117647058823,83.0,63.13725490196079,13.0,2627.25,106.0,45.490196078431374
1676841709,50.98039215686274,31.93,13.0,80.0,88.0,75.68627450980392,83.0,62.35294117647059,13.0,2602.25,106.0,41.96078431372549
1676841710,52.549019607843135,33.39,13.0,80.0,88.0,76.07843137254902,83.0,62.35294117647059,13.0,2603.75,108.0,42.745098039215684
1676841711,61.568627450980394,39.92,13.0,80.0,88.0,88.23529411764706,83.0,65.49019607843137,13.0,2617.75,108.0,45.09803921568628
1676841713,64.31372549019608,41.4,13.0,80.0,88.0,94.11764705882354,83.0,63.92156862745098,13.0,2640.5,108.0,46.666666666666664
1676841714,63.92156862745098,41.68,13.0,80.0,88.0,92.94117647058823,83.0,64.31372549019608,13.0,2663.25,109.0,46.666666666666664
1676841715,50.588235294117645,33.37,13.0,80.0,87.0,81.96078431372548,83.0,63.13725490196079,13.0,2670.25,110.0,34.509803921568626
1676841716,34.90196078431372,19.03,13.0,80.0,87.0,50.19607843137255,83.0,65.49019607843137,13.0,2476.5,110.0,25.49019607843137
1676841717,14.117647058823529,4.6000000000000005,13.0,80.0,87.0,28.627450980392158,84.0,61.96078431372549,13.0,2100.75,108.0,17.254901960784313
1676841719,42.745098039215684,21.35,14.0,80.0,88.0,64.70588235294117,83.0,63.92156862745098,14.0,2077.25,107.0,30.19607843137255
1676841720,43.13725490196078,21.26,14.0,80.0,88.0,63.529411764705884,84.0,65.49019607843137,14.0,2053.0,106.0,31.372549019607842
1676841721,44.31372549019608,24.62,14.0,80.0,89.0,62.745098039215684,84.0,63.13725490196079,14.0,2025.75,105.0,32.15686274509804
1676841722,57.64705882352941,28.5,14.0,80.0,89.0,84.31372549019608,84.0,67.45098039215686,14.0,2021.0,103.0,40.3921568627451
1676841723,58.431372549019606,28.89,14.0,80.0,89.0,85.09803921568627,84.0,63.13725490196079,14.0,2014.75,103.0,40.78431372549019
1676841725,61.568627450980394,30.73,14.0,80.0,89.0,90.58823529411765,84.0,65.09803921568627,14.0,2003.0,103.0,41.568627450980394
1676841726,61.96078431372549,46.96,14.0,80.0,89.0,90.58823529411765,84.0,65.09803921568627,14.0,2860.0,102.0,47.450980392156865
1676841727,62.35294117647059,46.2,14.0,80.0,90.0,90.98039215686275,84.0,65.49019607843137,14.0,3048.25,102.0,48.23529411764706
1676841728,55.294117647058826,42.75,14.0,80.0,89.0,82.3529411764706,85.0,64.31372549019608,14.0,3083.5,103.0,45.88235294117647
1676841729,45.88235294117647,34.57,14.0,80.0,89.0,67.05882352941177,85.0,61.568627450980394,14.0,3085.75,105.0,36.470588235294116
1676841731,51.372549019607845,38.81,14.0,80.0,88.0,74.90196078431373,84.0,65.88235294117646,14.0,3098.25,104.0,45.09803921568628
1676841732,52.549019607843135,40.64,14.0,79.0,88.0,76.07843137254902,85.0,61.568627450980394,14.0,3121.75,104.0,45.490196078431374
1676841733,51.76470588235294,40.32,13.0,80.0,88.0,76.07843137254902,85.0,64.31372549019608,13.0,3158.5,105.0,45.490196078431374
1676841734,52.15686274509804,41.14,13.0,79.0,88.0,76.07843137254902,85.0,65.88235294117646,13.0,3196.75,107.0,45.88235294117647
1676841736,52.549019607843135,42.04,14.0,79.0,87.0,76.86274509803921,85.0,64.31372549019608,14.0,3240.5,109.0,46.27450980392157
1676841737,55.68627450980392,37.64,14.0,79.0,87.0,76.47058823529412,85.0,66.27450980392157,14.0,3121.75,109.0,45.88235294117647
1676841738,59.2156862745098,40.0,14.0,79.0,87.0,85.49019607843137,86.0,65.09803921568627,14.0,2725.0,113.0,45.490196078431374
1676841739,58.8235294117647,39.68,14.0,79.0,87.0,86.66666666666667,86.0,63.92156862745098,14.0,2769.5,114.0,46.27450980392157
1676841740,60.3921568627451,42.21,14.0,79.0,87.0,86.66666666666667,85.0,65.49019607843137,14.0,2810.75,116.0,46.666666666666664
1676841742,65.09803921568627,56.620000000000005,14.0,79.0,87.0,89.41176470588235,86.0,65.49019607843137,14.0,3510.75,117.0,50.98039215686274
1676841743,65.09803921568627,57.56,14.0,79.0,87.0,89.80392156862744,86.0,62.35294117647059,14.0,3567.75,119.0,51.76470588235294
1676841744,65.49019607843137,58.75,13.0,79.0,87.0,89.01960784313725,86.0,61.1764705882353,13.0,3654.5,121.0,52.549019607843135
1676841745,64.70588235294117,59.09,13.0,79.0,87.0,89.01960784313725,86.0,63.529411764705884,13.0,3734.25,125.0,52.94117647058823
1676841746,9.411764705882353,8.09,13.0,79.0,88.0,13.333333333333334,86.0,65.09803921568627,13.0,3452.25,125.0,19.607843137254903
1676841748,12.549019607843137,9.64,14.0,79.0,88.0,16.862745098039216,86.0,61.96078431372549,14.0,3046.0,123.0,20.392156862745097
1676841749,12.941176470588236,9.200000000000001,14.0,79.0,89.0,19.215686274509803,86.0,66.66666666666667,14.0,2857.75,121.0,20.0
1676841750,13.333333333333334,8.53,14.0,79.0,89.0,19.215686274509803,86.0,63.529411764705884,14.0,2726.5,119.0,19.607843137254903
1676841751,12.156862745098039,6.78,14.0,79.0,89.0,18.823529411764707,86.0,64.70588235294117,14.0,2133.5,116.0,18.823529411764707
1676841752,12.549019607843137,6.51,14.0,79.0,89.0,18.431372549019606,86.0,64.31372549019608,14.0,2119.5,113.0,18.431372549019606
1676841754,12.549019607843137,6.3500000000000005,14.0,79.0,89.0,18.431372549019606,87.0,62.745098039215684,14.0,2067.0,110.0,18.431372549019606
1676841755,12.549019607843137,6.18,14.0,79.0,89.0,18.431372549019606,86.0,67.05882352941177,14.0,2006.25,107.0,18.431372549019606
1676841756,12.156862745098039,5.71,14.0,79.0,89.0,18.431372549019606,87.0,66.27450980392157,14.0,1907.0,102.0,18.03921568627451
1676841757,12.156862745098039,5.32,14.0,79.0,88.0,18.03921568627451,86.0,62.35294117647059,14.0,1776.5,98.0,18.03921568627451
1676841759,11.76470588235294,5.07,14.0,79.0,88.0,17.647058823529413,86.0,61.1764705882353,14.0,1717.75,92.0,17.647058823529413
1676841760,11.76470588235294,4.59,14.0,79.0,87.0,17.647058823529413,86.0,67.05882352941177,14.0,1624.0,89.0,17.254901960784313
1676841761,11.372549019607844,4.37,14.0,79.0,87.0,17.254901960784313,86.0,61.96078431372549,15.0,1530.25,83.0,17.254901960784313
1676841762,11.372549019607844,3.81,15.0,79.0,87.0,16.862745098039216,86.0,63.529411764705884,15.0,1396.75,80.0,16.862745098039216
1676841763,10.588235294117647,3.29,15.0,79.0,87.0,16.07843137254902,86.0,66.66666666666667,15.0,1256.25,72.0,16.470588235294116
1676841765,10.196078431372548,2.7600000000000002,15.0,79.0,86.0,15.294117647058824,86.0,63.92156862745098,15.0,1110.75,64.0,16.07843137254902
1676841766,10.588235294117647,3.25,15.0,79.0,86.0,15.294117647058824,86.0,63.529411764705884,15.0,1257.0,58.0,16.470588235294116
1676841767,10.196078431372548,2.82,15.0,79.0,86.0,15.294117647058824,86.0,66.27450980392157,15.0,1128.0,52.0,16.07843137254902
1676841768,10.588235294117647,3.2800000000000002,15.0,79.0,85.0,15.294117647058824,86.0,61.96078431372549,15.0,1255.25,48.0,16.470588235294116
1676841769,10.196078431372548,2.75,15.0,79.0,85.0,15.294117647058824,86.0,65.49019607843137,15.0,1096.75,42.0,16.07843137254902
1676841771,9.411764705882353,2.5,15.0,79.0,85.0,14.509803921568627,86.0,67.84313725490196,15.0,1089.0,37.0,15.686274509803921
1676841772,9.019607843137255,2.56,15.0,79.0,85.0,13.72549019607843,86.0,66.27450980392157,15.0,1122.5,29.0,15.686274509803921
1676841773,14.509803921568627,3.8200000000000003,15.0,79.0,85.0,19.607843137254903,85.0,69.01960784313725,15.0,843.75,24.0,16.862745098039216
1676841774,32.549019607843135,16.48,15.0,79.0,84.0,40.78431372549019,85.0,62.745098039215684,15.0,784.25,15.0,24.313725490196077
1676841775,46.27450980392157,20.39,15.0,79.0,84.0,68.23529411764706,85.0,63.13725490196079,15.0,1784.25,13.0,35.68627450980392
1676841777,45.88235294117647,21.46,15.0,79.0,84.0,68.23529411764706,85.0,69.80392156862744,15.0,1903.0,18.0,36.07843137254902
1676841778,40.78431372549019,19.48,15.0,79.0,84.0,61.96078431372549,86.0,63.13725490196079,15.0,1997.5,23.0,29.019607843137255
1676841779,50.98039215686274,18.67,15.0,79.0,84.0,76.86274509803921,86.0,68.23529411764706,15.0,1493.75,29.0,34.509803921568626
1676841780,50.19607843137255,21.01,15.0,79.0,85.0,74.11764705882354,86.0,60.3921568627451,15.0,1672.5,33.0,35.68627450980392
1676841782,46.27450980392157,21.54,15.0,79.0,85.0,69.41176470588235,86.0,65.88235294117646,15.0,1868.75,37.0,36.470588235294116
1676841783,45.09803921568627,23.06,15.0,79.0,85.0,66.66666666666667,86.0,60.0,15.0,2080.25,41.0,33.333333333333336
1676841784,24.313725490196077,9.89,15.0,79.0,86.0,38.431372549019606,85.0,65.09803921568627,15.0,1867.75,45.0,20.784313725490197
1676841785,14.117647058823529,4.0600000000000005,15.0,79.0,86.0,24.313725490196077,85.0,61.568627450980394,15.0,1642.75,47.0,16.862745098039216
1676841786,9.803921568627452,3.29,15.0,79.0,86.0,14.509803921568627,85.0,61.1764705882353,15.0,1410.0,47.0,16.470588235294116
1676841788,10.980392156862745,3.71,15.0,79.0,86.0,16.07843137254902,85.0,63.529411764705884,15.0,1363.25,47.0,16.862745098039216
1676841789,10.588235294117647,3.2600000000000002,15.0,79.0,87.0,15.686274509803921,85.0,65.49019607843137,15.0,1253.75,45.0,16.470588235294116
1676841790,10.196078431372548,2.79,15.0,79.0,86.0,15.294117647058824,85.0,67.05882352941177,15.0,1118.75,43.0,16.07843137254902
1676841791,27.45098039215686,17.42,15.0,79.0,86.0,31.372549019607842,85.0,65.09803921568627,15.0,1411.5,38.0,25.098039215686274
1676841792,19.607843137254903,3.56,15.0,79.0,86.0,34.90196078431372,85.0,74.50980392156863,15.0,1478.0,40.0,16.470588235294116
1676841794,15.686274509803921,7.53,15.0,79.0,86.0,19.607843137254903,85.0,63.13725490196079,15.0,1553.75,42.0,19.215686274509803
1676841795,17.647058823529413,7.140000000000001,15.0,79.0,86.0,26.274509803921568,85.0,66.27450980392157,15.0,1606.25,44.0,18.823529411764707
1676841796,10.980392156862745,4.09,15.0,79.0,86.0,17.647058823529413,85.0,71.76470588235294,15.0,1659.25,46.0,16.862745098039216
1676841797,10.196078431372548,4.98,15.0,79.0,86.0,14.509803921568627,85.0,70.19607843137256,15.0,1641.25,48.0,17.647058823529413
1676841798,11.372549019607844,4.18,15.0,79.0,86.0,17.254901960784313,85.0,63.92156862745098,15.0,1500.0,46.0,17.254901960784313
1676841800,10.980392156862745,3.3200000000000003,15.0,79.0,86.0,16.470588235294116,85.0,62.745098039215684,15.0,1276.5,42.0,16.470588235294116
1676841801,9.803921568627452,2.68,15.0,79.0,86.0,14.509803921568627,85.0,58.8235294117647,15.0,1039.0,36.0,16.07843137254902
1676841802,9.411764705882353,2.85,15.0,79.0,86.0,14.117647058823529,84.0,56.470588235294116,15.0,1047.5,28.0,16.07843137254902
1676841803,11.76470588235294,2.75,16.0,79.0,85.0,17.647058823529413,84.0,61.568627450980394,15.0,941.25,21.0,16.07843137254902
1676841804,32.94117647058823,11.290000000000001,15.0,79.0,85.0,41.96078431372549,84.0,60.0,15.0,1263.25,19.0,25.49019607843137
1676841806,60.78431372549019,29.23,15.0,79.0,85.0,87.84313725490196,84.0,64.31372549019608,15.0,1896.0,20.0,40.0
1676841807,61.96078431372549,31.14,15.0,79.0,85.0,91.37254901960785,84.0,63.92156862745098,15.0,2035.0,25.0,41.1764705882353
1676841808,62.35294117647059,33.0,15.0,79.0,85.0,91.37254901960785,85.0,63.92156862745098,15.0,2143.75,29.0,41.96078431372549
1676841809,63.92156862745098,35.18,15.0,79.0,85.0,92.54901960784314,85.0,62.745098039215684,15.0,2238.25,34.0,43.13725490196079
1676841811,64.70588235294117,38.1,15.0,79.0,86.0,93.72549019607843,85.0,64.31372549019608,15.0,2391.25,38.0,43.92156862745098
1676841812,50.19607843137255,29.07,15.0,79.0,86.0,73.72549019607843,86.0,63.529411764705884,15.0,2410.75,44.0,38.8235294117647
1676841813,49.411764705882355,26.98,15.0,79.0,86.0,72.15686274509804,86.0,63.92156862745098,15.0,2289.0,44.0,39.21568627450981
1676841814,49.01960784313725,27.89,15.0,79.0,86.0,71.76470588235294,86.0,63.13725490196079,15.0,2332.75,48.0,37.64705882352941
1676841815,21.56862745098039,11.450000000000001,15.0,79.0,87.0,30.980392156862745,86.0,62.745098039215684,15.0,2353.75,50.0,21.176470588235293
1676841817,18.03921568627451,14.43,15.0,79.0,87.0,14.117647058823529,86.0,60.78431372549019,15.0,2253.0,49.0,21.568627450980394
1676841818,25.098039215686274,7.73,15.0,79.0,87.0,45.88235294117647,86.0,63.529411764705884,15.0,2296.0,48.0,18.823529411764707
1676841819,12.549019607843137,8.03,15.0,79.0,87.0,18.431372549019606,86.0,62.35294117647059,15.0,2278.75,50.0,19.607843137254903
1676841820,14.901960784313726,7.8500000000000005,15.0,79.0,88.0,22.352941176470587,86.0,62.745098039215684,15.0,2297.5,48.0,19.215686274509803
1676841821,21.96078431372549,12.23,15.0,79.0,88.0,33.333333333333336,86.0,64.31372549019608,15.0,2210.75,50.0,21.568627450980394
1676841823,27.84313725490196,13.59,15.0,79.0,88.0,34.90196078431372,86.0,56.470588235294116,15.0,1724.0,51.0,22.745098039215687
1676841824,27.84313725490196,13.06,15.0,79.0,88.0,40.0,86.0,65.09803921568627,15.0,1579.5,51.0,21.96078431372549
1676841825,40.3921568627451,14.21,15.0,79.0,88.0,58.8235294117647,86.0,64.31372549019608,15.0,1421.75,53.0,29.80392156862745
1676841826,29.80392156862745,9.84,15.0,79.0,88.0,43.13725490196079,86.0,63.92156862745098,15.0,1450.0,57.0,22.745098039215687
1676841828,38.03921568627451,12.96,15.0,79.0,88.0,59.21568627450981,86.0,64.70588235294117,15.0,1518.75,61.0,27.058823529411764
1676841829,21.56862745098039,7.42,15.0,79.0,88.0,32.549019607843135,85.0,64.70588235294117,15.0,1557.0,63.0,19.215686274509803
1676841830,26.666666666666668,12.18,15.0,79.0,87.0,32.15686274509804,85.0,65.09803921568627,15.0,1574.0,64.0,21.96078431372549
1676841831,27.058823529411764,8.09,15.0,79.0,87.0,43.529411764705884,85.0,62.745098039215684,15.0,1589.0,65.0,20.784313725490197
1676841832,11.76470588235294,3.04,15.0,79.0,87.0,18.03921568627451,85.0,64.31372549019608,15.0,1257.75,65.0,16.07843137254902
1676841834,32.549019607843135,9.98,15.0,79.0,87.0,45.09803921568628,85.0,63.529411764705884,15.0,1248.25,63.0,24.705882352941178
1676841835,27.84313725490196,11.53,15.0,79.0,87.0,41.96078431372549,85.0,63.92156862745098,15.0,1234.25,63.0,22.352941176470587
1676841836,37.64705882352941,11.57,15.0,79.0,87.0,55.294117647058826,85.0,69.80392156862744,15.0,1256.25,63.0,30.19607843137255
1676841837,38.03921568627451,11.700000000000001,15.0,79.0,87.0,56.470588235294116,85.0,65.88235294117646,15.0,1259.25,63.0,30.19607843137255
1676841838,50.98039215686274,16.32,15.0,79.0,87.0,74.11764705882354,85.0,65.49019607843137,15.0,1303.0,63.0,33.333333333333336
1676841840,51.76470588235294,16.73,15.0,79.0,87.0,76.86274509803921,86.0,67.45098039215686,15.0,1316.25,65.0,34.11764705882353
1676841841,51.76470588235294,16.76,15.0,79.0,87.0,76.86274509803921,86.0,61.568627450980394,15.0,1329.5,63.0,33.72549019607843
1676841842,21.96078431372549,2.84,15.0,79.0,87.0,43.529411764705884,86.0,59.21568627450981,15.0,1230.25,64.0,15.686274509803921
1676841843,20.392156862745097,6.0600000000000005,15.0,79.0,87.0,29.019607843137255,85.0,64.70588235294117,15.0,1228.75,64.0,18.431372549019606
1676841844,18.823529411764707,6.62,15.0,79.0,87.0,27.45098039215686,85.0,53.72549019607843,15.0,1432.0,60.0,18.823529411764707
1676841846,19.607843137254903,7.57,16.0,79.0,87.0,27.84313725490196,85.0,58.8235294117647,16.0,1360.0,58.0,19.215686274509803
1676841847,18.03921568627451,2.87,16.0,79.0,87.0,29.41176470588235,85.0,61.1764705882353,16.0,1300.0,56.0,15.686274509803921
1676841848,10.980392156862745,2.87,16.0,79.0,87.0,16.862745098039216,85.0,54.509803921568626,16.0,1202.25,53.0,16.07843137254902
1676841849,9.803921568627452,3.0,16.0,79.0,86.0,14.117647058823529,85.0,60.78431372549019,16.0,1128.75,50.0,16.07843137254902
1676841850,10.196078431372548,2.89,16.0,79.0,86.0,15.294117647058824,85.0,64.31372549019608,16.0,1164.0,43.0,16.07843137254902
1676841852,14.901960784313726,3.2600000000000002,16.0,79.0,86.0,24.705882352941178,85.0,62.35294117647059,16.0,1332.0,41.0,16.07843137254902
1676841853,10.588235294117647,2.64,16.0,79.0,86.0,16.07843137254902,85.0,63.92156862745098,16.0,1123.25,37.0,15.686274509803921
1676841854,9.803921568627452,2.64,16.0,79.0,86.0,14.901960784313726,85.0,62.35294117647059,16.0,1148.25,33.0,15.686274509803921
1676841855,10.588235294117647,2.7800000000000002,16.0,79.0,85.0,15.294117647058824,85.0,67.05882352941177,16.0,1003.75,25.0,16.07843137254902
1676841857,47.450980392156865,21.51,16.0,79.0,85.0,69.01960784313725,85.0,66.27450980392157,16.0,1733.5,22.0,35.294117647058826
1676841858,53.333333333333336,25.0,16.0,79.0,85.0,76.86274509803921,85.0,61.96078431372549,16.0,1893.75,25.0,38.03921568627451
1676841859,56.07843137254902,28.6,15.0,79.0,85.0,83.52941176470588,85.0,61.1764705882353,15.0,2075.75,30.0,40.3921568627451
1676841860,54.11764705882353,28.35,15.0,79.0,85.0,80.3921568627451,85.0,68.62745098039215,15.0,2162.5,34.0,40.78431372549019
1676841861,31.764705882352942,13.71,15.0,79.0,85.0,56.07843137254902,85.0,66.27450980392157,15.0,2007.0,40.0,23.92156862745098
1676841863,10.588235294117647,3.59,15.0,79.0,86.0,17.254901960784313,86.0,67.84313725490196,15.0,1524.0,40.0,16.470588235294116
1676841864,9.411764705882353,2.92,16.0,79.0,86.0,13.72549019607843,85.0,65.88235294117646,16.0,1267.75,39.0,16.07843137254902
1676841865,10.196078431372548,2.75,16.0,79.0,86.0,15.294117647058824,85.0,66.66666666666667,16.0,1107.75,35.0,16.07843137254902
1676841866,10.196078431372548,2.65,16.0,79.0,86.0,15.686274509803921,85.0,57.254901960784316,16.0,1147.5,32.0,15.686274509803921
1676841867,35.68627450980392,15.0,16.0,79.0,86.0,38.03921568627451,85.0,51.76470588235294,16.0,1312.5,25.0,26.666666666666668
1676841869,55.294117647058826,26.07,16.0,79.0,86.0,83.13725490196079,85.0,56.470588235294116,16.0,1908.5,23.0,38.8235294117647
1676841870,56.07843137254902,27.54,15.0,79.0,86.0,83.52941176470588,85.0,63.529411764705884,15.0,1995.25,27.0,39.6078431372549
1676841871,55.294117647058826,27.96,15.0,79.0,86.0,81.96078431372548,85.0,66.27450980392157,15.0,2063.25,29.0,40.3921568627451
1676841872,57.254901960784316,29.79,15.0,79.0,86.0,83.13725490196079,85.0,58.431372549019606,15.0,2136.5,35.0,40.78431372549019
1676841873,54.90196078431372,27.14,15.0,79.0,87.0,81.56862745098039,85.0,59.21568627450981,15.0,2055.25,37.0,40.3921568627451
1676841875,52.94117647058823,25.92,15.0,79.0,87.0,78.43137254901961,85.0,65.88235294117646,15.0,1998.25,40.0,39.21568627450981
1676841876,51.372549019607845,26.29,15.0,79.0,87.0,76.47058823529412,85.0,61.568627450980394,15.0,2067.75,42.0,39.21568627450981
1676841877,41.568627450980394,20.76,15.0,79.0,87.0,65.09803921568627,85.0,63.13725490196079,15.0,2094.5,44.0,30.19607843137255
1676841878,17.647058823529413,4.18,15.0,79.0,88.0,30.58823529411765,85.0,64.31372549019608,15.0,2031.25,43.0,16.862745098039216
1676841879,9.803921568627452,4.3100000000000005,15.0,79.0,88.0,14.509803921568627,85.0,66.66666666666667,15.0,1810.75,42.0,17.254901960784313
1676841881,9.411764705882353,3.54,15.0,79.0,88.0,14.117647058823529,85.0,64.70588235294117,15.0,1528.0,37.0,16.470588235294116
1676841882,9.411764705882353,2.7800000000000002,15.0,79.0,88.0,13.72549019607843,85.0,66.27450980392157,15.0,1221.0,33.0,16.07843137254902
1676841883,9.803921568627452,3.0700000000000003,15.0,79.0,88.0,13.72549019607843,85.0,61.96078431372549,15.0,1014.75,25.0,16.07843137254902
1676841884,15.294117647058822,3.4,16.0,79.0,88.0,21.96078431372549,85.0,60.78431372549019,16.0,822.5,18.0,16.470588235294116
1676841885,33.72549019607843,12.57,15.0,79.0,88.0,50.19607843137255,85.0,58.431372549019606,15.0,1515.5,15.0,25.49019607843137
1676841887,43.92156862745098,19.53,15.0,79.0,88.0,61.1764705882353,85.0,60.3921568627451,15.0,1639.0,17.0,32.15686274509804
1676841888,45.88235294117647,21.29,15.0,79.0,87.0,68.62745098039215,85.0,61.568627450980394,15.0,1837.5,21.0,36.470588235294116
1676841889,45.490196078431374,18.46,15.0,79.0,87.0,63.529411764705884,85.0,58.431372549019606,15.0,1803.75,27.0,34.509803921568626
1676841890,43.92156862745098,17.900000000000002,15.0,79.0,87.0,66.66666666666667,85.0,61.568627450980394,15.0,1676.5,30.0,32.549019607843135
1676841892,12.941176470588236,3.9,15.0,79.0,87.0,21.96078431372549,85.0,60.0,15.0,1792.0,37.0,16.862745098039216
1676841893,9.411764705882353,3.17,15.0,79.0,87.0,14.509803921568627,85.0,63.92156862745098,15.0,1350.75,37.0,16.470588235294116
1676841894,10.588235294117647,3.6,16.0,79.0,87.0,16.07843137254902,85.0,63.13725490196079,16.0,1336.5,39.0,16.470588235294116
1676841895,10.588235294117647,3.5700000000000003,16.0,79.0,87.0,16.07843137254902,85.0,62.35294117647059,16.0,1338.25,38.0,16.470588235294116
1676841896,10.588235294117647,3.59,16.0,79.0,87.0,16.07843137254902,85.0,65.09803921568627,16.0,1344.5,38.0,16.470588235294116
1676841898,10.980392156862745,3.65,16.0,79.0,87.0,16.07843137254902,85.0,59.21568627450981,16.0,1360.0,38.0,16.862745098039216
1676841899,10.588235294117647,3.62,16.0,79.0,86.0,16.07843137254902,85.0,63.92156862745098,16.0,1348.25,38.0,16.862745098039216
1676841900,10.588235294117647,3.6,16.0,79.0,86.0,16.07843137254902,85.0,64.31372549019608,16.0,1344.5,38.0,16.862745098039216
1676841901,10.588235294117647,3.37,16.0,79.0,86.0,16.07843137254902,85.0,62.35294117647059,16.0,1280.25,38.0,16.470588235294116
1676841902,10.196078431372548,3.0700000000000003,16.0,79.0,85.0,15.294117647058824,85.0,60.78431372549019,16.0,1200.75,36.0,16.07843137254902
1676841904,10.196078431372548,3.0,16.0,79.0,85.0,15.294117647058824,85.0,61.96078431372549,16.0,1179.5,35.0,16.07843137254902
1676841905,10.196078431372548,2.87,16.0,79.0,85.0,15.294117647058824,85.0,62.745098039215684,16.0,1141.25,33.0,16.07843137254902
1676841906,10.196078431372548,2.92,16.0,79.0,85.0,14.901960784313726,85.0,61.568627450980394,16.0,1154.5,34.0,16.07843137254902
1676841907,10.196078431372548,2.93,16.0,79.0,85.0,14.901960784313726,85.0,65.49019607843137,16.0,1165.5,33.0,16.07843137254902
1676841908,10.196078431372548,2.9,16.0,79.0,84.0,15.294117647058824,85.0,62.745098039215684,16.0,1150.0,33.0,16.07843137254902
1676841910,10.196078431372548,2.79,16.0,79.0,84.0,15.294117647058824,85.0,66.27450980392157,16.0,1104.5,33.0,16.07843137254902
1676841911,10.196078431372548,2.68,16.0,79.0,84.0,14.901960784313726,85.0,64.70588235294117,16.0,1075.0,32.0,15.686274509803921
1676841912,10.196078431372548,2.64,16.0,79.0,84.0,14.901960784313726,85.0,62.745098039215684,16.0,1045.25,30.0,15.686274509803921
1676841913,10.588235294117647,2.84,16.0,79.0,84.0,14.901960784313726,85.0,65.88235294117646,16.0,1003.0,30.0,15.686274509803921
1676841914,10.196078431372548,2.75,16.0,79.0,84.0,15.686274509803921,85.0,64.31372549019608,16.0,1199.0,29.0,16.07843137254902
1676841916,9.411764705882353,2.5100000000000002,16.0,79.0,84.0,14.117647058823529,85.0,63.13725490196079,16.0,1047.5,26.0,15.686274509803921
1676841917,10.588235294117647,2.67,16.0,79.0,84.0,15.686274509803921,85.0,64.70588235294117,16.0,1005.25,22.0,15.686274509803921
1676841918,25.49019607843137,12.93,16.0,79.0,84.0,29.41176470588235,85.0,66.27450980392157,16.0,1127.25,21.0,23.137254901960784
1676841919,30.19607843137255,10.120000000000001,16.0,79.0,84.0,45.490196078431374,85.0,68.23529411764706,16.0,1452.25,23.0,22.745098039215687
1676841920,30.588235294117645,10.75,16.0,79.0,84.0,45.88235294117647,85.0,65.49019607843137,16.0,1556.25,23.0,22.745098039215687
1676841922,25.88235294117647,7.54,16.0,79.0,84.0,43.13725490196079,85.0,65.88235294117646,16.0,1492.0,28.0,19.607843137254903
1676841923,15.686274509803921,5.15,16.0,79.0,84.0,26.274509803921568,85.0,67.05882352941177,16.0,1467.0,30.0,17.647058823529413
1676841924,10.980392156862745,3.54,16.0,79.0,84.0,17.254901960784313,85.0,66.27450980392157,16.0,1473.25,31.0,16.470588235294116
1676841925,9.411764705882353,3.12,16.0,79.0,84.0,14.117647058823529,85.0,67.84313725490196,16.0,1354.5,31.0,16.470588235294116
1676841927,9.411764705882353,3.14,17.0,79.0,84.0,13.72549019607843,85.0,71.37254901960785,17.0,1351.5,30.0,16.470588235294116
1676841928,11.76470588235294,4.26,17.0,79.0,84.0,16.862745098039216,85.0,67.05882352941177,17.0,1459.25,30.0,17.254901960784313
1676841929,9.411764705882353,3.2,17.0,79.0,84.0,14.509803921568627,85.0,69.80392156862744,17.0,1385.75,32.0,16.470588235294116
1676841930,15.686274509803921,11.9,17.0,79.0,85.0,19.215686274509803,85.0,67.45098039215686,17.0,1425.0,30.0,20.0
